{
	"x_0": [
		[0],
		[3.141592654],
		[0],
		[0]
	],
	"lam_0": [
		[1.287573727e-12],
		[189.0096938],
		[1e-16],
		[1e-16],
		[1e-16],
		[144.9576042],
		[1e-16],
		[1954.359708],
		[59.30959736],
		[35.42144263]
	],
	"t_0": [
		[0.9],
		[1e-16],
		[1e-16],
		[1e-16],
		[1e-16],
		[3.554630295e-14],
		[1e-16],
		[1e-16],
		[1e-16],
		[1e-16]
	],
	"sl_0": {
		"_ArrayType_": "double",
		"_ArraySize_": [0,1],
		"_ArrayData_": []
	},
	"su_0": {
		"_ArrayType_": "double",
		"_ArraySize_": [0,1],
		"_ArrayData_": []
	},
	"x_1": [
		[0.0045121643],
		[3.138191348],
		[1.799345307],
		[-1.355943179]
	],
	"lam_1": [
		[1.28934573e-12],
		[4.457588047e-13],
		[2301.578181],
		[4.473288082e-13]
	],
	"t_1": [
		[0.9],
		[2.622506042],
		[3.935444673e-15],
		[2.613481714]
	],
	"sl_1": {
		"_ArrayType_": "double",
		"_ArraySize_": [0,1],
		"_ArrayData_": []
	},
	"su_1": {
		"_ArrayType_": "double",
		"_ArraySize_": [0,1],
		"_ArrayData_": []
	},
	"x_2": [
		[0.3102922875],
		[2.908323775],
		[12.99156628],
		[-9.847209416]
	],
	"lam_2": [
		[1.288901788e-12],
		[3.991786977e-13],
		[2870.865906],
		[5.08764411e-13]
	],
	"t_2": [
		[0.9],
		[2.928286165],
		[2.338685656e-15],
		[2.307701591]
	],
	"sl_2": {
		"_ArrayType_": "double",
		"_ArraySize_": [0,1],
		"_ArrayData_": []
	},
	"su_2": {
		"_ArrayType_": "double",
		"_ArraySize_": [0,1],
		"_ArrayData_": []
	},
	"x_3": [
		[0.8585041569],
		[2.465590778],
		[14.15932351],
		[-12.4591414]
	],
	"lam_3": [
		[1.287470785e-12],
		[3.362258048e-13],
		[1236.643836],
		[6.729425946e-13]
	],
	"t_3": [
		[0.9],
		[3.476498035],
		[9.170489981e-15],
		[1.759489721]
	],
	"sl_3": {
		"_ArrayType_": "double",
		"_ArraySize_": [0,1],
		"_ArrayData_": []
	},
	"su_3": {
		"_ArrayType_": "double",
		"_ArraySize_": [0,1],
		"_ArrayData_": []
	},
	"x_4": [
		[1.359540066],
		[1.985225075],
		[12.13460976],
		[-12.33748102]
	],
	"lam_4": [
		[3.76146986e-12],
		[2.938568072e-13],
		[3.114862445e-12],
		[9.503917271e-13]
	],
	"t_4": [
		[0.3983930886],
		[3.977533944],
		[0.5016069114],
		[1.258453812]
	],
	"sl_4": {
		"_ArrayType_": "double",
		"_ArraySize_": [0,1],
		"_ArrayData_": []
	},
	"su_4": {
		"_ArrayType_": "double",
		"_ArraySize_": [0,1],
		"_ArrayData_": []
	},
	"x_5": [
		[1.746442795],
		[1.558954467],
		[8.640803885],
		[-9.79757271]
	],
	"lam_5": [
		[333.8936475],
		[2.674714294e-13],
		[1.278644942e-12],
		[1.383529558e-12]
	],
	"t_5": [
		[3.712747015e-14],
		[4.364436673],
		[0.9],
		[0.8715510834]
	],
	"sl_5": {
		"_ArrayType_": "double",
		"_ArraySize_": [0,1],
		"_ArrayData_": []
	},
	"su_5": {
		"_ArrayType_": "double",
		"_ArraySize_": [0,1],
		"_ArrayData_": []
	},
	"x_6": [
		[1.995089299],
		[1.233054443],
		[4.514491498],
		[-7.35088239]
	],
	"lam_6": [
		[301.1156926],
		[2.526544049e-13],
		[1.27146229e-12],
		[1.99624464e-12]
	],
	"t_6": [
		[4.871897521e-14],
		[4.613083177],
		[0.9],
		[0.6229045795]
	],
	"sl_6": {
		"_ArrayType_": "double",
		"_ArraySize_": [0,1],
		"_ArrayData_": []
	},
	"su_6": {
		"_ArrayType_": "double",
		"_ArraySize_": [0,1],
		"_ArrayData_": []
	},
	"x_7": [
		[2.094997473],
		[0.9801224803],
		[0.6163773305],
		[-6.079710747]
	],
	"lam_7": [
		[196.0678123],
		[2.47181304e-13],
		[1.245273764e-12],
		[2.540262429e-12]
	],
	"t_7": [
		[9.353738464e-14],
		[4.712991351],
		[0.9],
		[0.5229964048]
	],
	"sl_7": {
		"_ArrayType_": "double",
		"_ArraySize_": [0,1],
		"_ArrayData_": []
	},
	"su_7": {
		"_ArrayType_": "double",
		"_ArraySize_": [0,1],
		"_ArrayData_": []
	},
	"x_8": [
		[2.029045981],
		[0.7478990037],
		[-4.328484802],
		[-6.291067717]
	],
	"lam_8": [
		[101.231172],
		[2.512288853e-13],
		[1.376490163e-14],
		[2.405448957e-12]
	],
	"t_8": [
		[3.502805303e-12],
		[4.647039859],
		[0.9],
		[0.5889478966]
	],
	"sl_8": {
		"_ArrayType_": "double",
		"_ArraySize_": [0,1],
		"_ArrayData_": []
	},
	"su_8": {
		"_ArrayType_": "double",
		"_ArraySize_": [0,1],
		"_ArrayData_": []
	},
	"x_9": [
		[1.732174006],
		[0.4776182825],
		[-11.72976444],
		[-8.101352227]
	],
	"lam_9": [
		[2.995239282e-13],
		[2.913611322e-13],
		[6.534178582e-10],
		[9.890732552e-13]
	],
	"t_9": [
		[0.787728643],
		[4.350167884],
		[0.112271357],
		[0.8858198723]
	],
	"sl_9": {
		"_ArrayType_": "double",
		"_ArraySize_": [0,1],
		"_ArrayData_": []
	},
	"su_9": {
		"_ArrayType_": "double",
		"_ArraySize_": [0,1],
		"_ArrayData_": []
	},
	"x_10": [
		[1.425090673],
		[0.312266916],
		[-3.593475566],
		[-0.3973908122]
	],
	"lam_10": {
		"_ArrayType_": "double",
		"_ArraySize_": [0,1],
		"_ArrayData_": []
	},
	"t_10": {
		"_ArrayType_": "double",
		"_ArraySize_": [0,1],
		"_ArrayData_": []
	},
	"sl_10": {
		"_ArrayType_": "double",
		"_ArraySize_": [0,1],
		"_ArrayData_": []
	},
	"su_10": {
		"_ArrayType_": "double",
		"_ArraySize_": [0,1],
		"_ArrayData_": []
	},
	"z_0": {
		"_ArrayType_": "double",
		"_ArraySize_": [0,1],
		"_ArrayData_": []
	},
	"u_0": 0.45,
	"pi_0": [
		[189.0096938],
		[-1943.868513],
		[-60.85289303],
		[-25.64330107]
	],
	"z_1": {
		"_ArrayType_": "double",
		"_ArraySize_": [0,1],
		"_ArrayData_": []
	},
	"u_1": 0.45,
	"pi_1": [
		[188.9923972],
		[-718.5523009],
		[-75.08990599],
		[58.93009013]
	],
	"z_2": {
		"_ArrayType_": "double",
		"_ArraySize_": [0,1],
		"_ArrayData_": []
	},
	"u_2": 0.45,
	"pi_2": [
		[187.8029434],
		[1041.881196],
		[-52.68031229],
		[180.0182348]
	],
	"z_3": {
		"_ArrayType_": "double",
		"_ArraySize_": [0,1],
		"_ArrayData_": []
	},
	"u_3": 0.45,
	"pi_3": [
		[184.5120108],
		[1365.394728],
		[15.3768083],
		[225.7784308]
	],
	"z_4": {
		"_ArrayType_": "double",
		"_ArraySize_": [0,1],
		"_ArrayData_": []
	},
	"u_4": -0.05160691138,
	"pi_4": [
		[179.3004406],
		[1577.363365],
		[38.89424564],
		[176.389504]
	],
	"z_5": {
		"_ArrayType_": "double",
		"_ArraySize_": [0,1],
		"_ArrayData_": []
	},
	"u_5": -0.45,
	"pi_5": [
		[172.6057432],
		[1348.572448],
		[19.13089937],
		[112.6216792]
	],
	"z_6": {
		"_ArrayType_": "double",
		"_ArraySize_": [0,1],
		"_ArrayData_": []
	},
	"u_6": -0.45,
	"pi_6": [
		[164.9579009],
		[943.8641606],
		[1.846572922],
		[64.91720421]
	],
	"z_7": {
		"_ArrayType_": "double",
		"_ArraySize_": [0,1],
		"_ArrayData_": []
	},
	"u_7": -0.45,
	"pi_7": [
		[156.9270772],
		[591.6762179],
		[-3.627310013],
		[32.47104652]
	],
	"z_8": {
		"_ArrayType_": "double",
		"_ArraySize_": [0,1],
		"_ArrayData_": []
	},
	"u_8": -0.45,
	"pi_8": [
		[149.1490676],
		[354.0257199],
		[-3.811062579],
		[11.56853743]
	],
	"z_9": {
		"_ArrayType_": "double",
		"_ArraySize_": [0,1],
		"_ArrayData_": []
	},
	"u_9": 0.337728643,
	"pi_9": [
		[142.5090673],
		[312.266916],
		[-7.186951135],
		[-0.7947816199]
	]
}
